{
    "ip": "127.0.0.1",
    "port": 5800,
    "threads": 2,
    "quadDecimate": 1,
    "quadSigma": 2,
    "decodeSharpening": 0.25,
    "cameras": [
        {
            "id": 0,
            "width": 640,
            "height": 480,
            "fps": 30,
            "exposure": 10,
            "focalX": 675.7506920893655,
            "focalY": 672.515371004964,
            "centerX": 335.7860269282015,
            "centerY": 228.95257088198858,
            "k1": 0.0949650082746549,
            "k2": -0.5815183579933634,
            "p1": 0.003619693942495133,
            "p2": 0.007212786342203347,
            "k3": 0.3538247532994049
        }
    ],
    "apriltags": [
        {
            "id": 0,
            "position": [0.623, 0.6, 0.188],
            "rotation": [0, 270, 0],
            "size": 0.16
        },
        {
            "id": 2,
            "position": [0, 0, 0],
            "rotation": [0, 0, 0],
            "size": 0.16
        },
        {
            "id": 3,
            "position": [0.4, 0, 0],
            "rotation": [0, 0, 0],
            "size": 0.16
        }
    ]
}