{
    "cameras": [
        {
            "centerX": 965.2056158758434,
            "centerY": 556.234800653846,
            "exposure": 10,
            "focalX": 1099.8745655521952,
            "focalY": 1106.3496516438922,
            "fps": 100,
            "height": 1080,
            "k1": 0.06767619794239592,
            "k2": 0.5579006142014424,
            "k3": -2.116006899510984,
            "name": "Arducam",
            "p1": 0.006961986777371246,
            "p2": 0.005074169234764547,
            "position": [
                0.2445512,
                0.0842264,
                0.2952496
            ],
            "rotation": [
                -50.5,
                -16.93,
                0.0
            ],
            "usbName": "usb-Arducam_Technology_Co.__Ltd._Arducam_OV9281_USB_Camera_UC762-video-index0",
            "width": 1920
        }
    ],
    "dashboardIp": "127.0.0.1",
    "decodeSharpening": 0.25,
    "ip": "127.0.0.1",
    "port": 5804,
    "quadDecimate": 1,
    "quadSigma": 2,
    "robotSize": [
        0.6092,
        0.1,
        0.6092
    ],
    "debugCameras": [
        "Arducam-UC852",
        "Arducam-UC762"
    ],
    "prodCameras": [
        "Arducam-UC852"
    ],
    "cameras": [
        {
            "name": "Arducam-UC852",
            "usbName": "usb-Arducam_Technology_Co.__Ltd._Arducam_OV9782_USB_Camera_UC852-video-index0",
            "position": [
                0,
                0,
                0
            ],
            "rotation": [
                0,
                0,
                0
            ],
            "width": 1280,
            "height": 800,
            "fps": 60,
            "exposure": 10,
            "focalX": 900.1952156742097,
            "focalY": 894.6754195471635,
            "centerX": 571.666435101298,
            "centerY": 390.46964731626423,
            "k1": -0.012323347146166098,
            "k2": 0.2380493188668742,
            "p1": 0.013368965698578669,
            "p2": -0.024880499480665952,
            "k3": -0.24749980536005237
        },
        {
            "name": "Arducam-UC762",
            "usbName": "usb-Arducam_Technology_Co.__Ltd._Arducam_OV9281_USB_Camera_UC762-video-index0",
            "position": [
                0.2445512,
                0.0842264,
                0.2952496
            ],
            "rotation": [
                -50.5,
                -16.93,
                0
            ],
            "width": 1280,
            "height": 800,
            "fps": 100,
            "exposure": 10,
            "focalX": 896.4229265637798,
            "focalY": 894.7290571208786,
            "centerX": 632.1511776051311,
            "centerY": 409.51872727524545,
            "k1": 0.03504592225172843,
            "k2": -0.057976090918433074,
            "p1": 0.005955119626934279,
            "p2": -0.0031399446166415663,
            "k3": -0.07455148194441642
        }
    ],
    "threads": 4
}