{
    "ip": "127.0.0.1",
    "dashboardIp": "127.0.0.1",
    "port": 5804,
    "threads": 4,
    "quadDecimate": 1,
    "quadSigma": 2,
    "decodeSharpening": 0.25,
    "robotSize": [
        0.6092,
        0.1,
        0.6092
    ],
    "cameras": [
        {
            "name": "Arducam",
            "usbName": "usb-Arducam_Technology_Co.__Ltd._Arducam_OV9782_USB_Camera_UC852-video-index0",
            "position": [0, 0, 0],
            "rotation": [0, 0, 0],
            "width": 1280,
            "height": 800,
            "fps": 60,
            "exposure": 10,
            "focalX": 900.1952156742097,
            "focalY": 894.6754195471635,
            "centerX": 571.666435101298,
            "centerY": 390.46964731626423,
            "k1": -0.012323347146166098,
            "k2": 0.2380493188668742,
            "p1": 0.013368965698578669,
            "p2": -0.024880499480665952,
            "k3": -0.24749980536005237
        }
    ]
}