{
    "udp_roborio_ip": "10.20.22.2",
    "udp_dashboard_ip": "10.42.0.1",
    "udp_port": 5804,
    "nt_server_ip": "10.20.22.1",
    "nt_port": 5810,
    "threads": 4,
    "quadDecimate": 1,
    "quadSigma": 2,
    "decodeSharpening": 0.25,
    "rejectDistance": 10.0,
    "robotSize": [
        0.6092,
        0.1,
        0.6092
    ],
    "debugCameras": [
        "testRight",
        "testLeft"
    ],
    "prodCameras": [
        "testRight",
        "testLeft"
    ],
    "cameras": [
        {
            "cameraPath": "/dev/video0",
            "centerX": 355.4374997313,
            "centerY": 216.78681615861532,
            "exposure": 10,
            "focalX": 549.1094796591963,
            "focalY": 552.7816735994703,
            "fps": 60,
            "height": 480,
            "k1": 0,
            "k2": 0,
            "k3": 0,
            "name": "hp_debug",
            "p1": 0,
            "p2": 0,
            "position": [
                0.13044678,
                -0.34055558,
                0.16956278
            ],
            "rotation": [
                8.67976659051528e-16,
                -23.63999999999999,
                10.749999999999998
            ],
            "width": 640
        },
        {
            "name": "testRight",
            "cameraPath": "/dev/v4l/by-path/platform-fc800000.usb-usbv2-0:1:1.0-video-index0",
            "position": [0.13044678, -0.34055558, 0.16956278],
            "rotation": [0, -23.64, 10.75],
            "width": 640,
            "height": 480,
            "fps": 60,
            "exposure": 10,
            "focalX": 549.1094796591963,
            "focalY": 552.7816735994703,
            "centerX": 355.4374997313,
            "centerY": 216.78681615861532,
            "k1": 0,
            "k2": 0,
            "p1": 0,
            "p2": 0,
            "k3": 0
        },
        {
            "name": "testLeft",
            "cameraPath": "/dev/v4l/by-path/platform-fc880000.usb-usbv2-0:1:1.0-video-index0",
            "position": [0.13044678, 0.34055558, 0.16956278],
            "rotation": [0, -23.64, -10.75],
            "width": 640,
            "height": 480,
            "fps": 60,
            "exposure": 10,
            "focalX": 549.1094796591963,
            "focalY": 552.7816735994703,
            "centerX": 355.4374997313,
            "centerY": 216.78681615861532,
            "k1": 0,
            "k2": 0,
            "p1": 0,
            "p2": 0,
            "k3": 0
        },
        {
            "name": "Arducam-UC852",
            "cameraPath": "/dev/v4l/by-id/usb-Arducam_Technology_Co.__Ltd._Arducam_OV9782_USB_Camera_UC852-video-index0",
            "position": [0.13044678, -0.34055558, 0.16956278],
            "rotation": [0, -23.64, 10.75],
            "width": 1280,
            "height": 800,
            "fps": 60,
            "exposure": 10,
            "focalX": 900.1952156742097,
            "focalY": 894.6754195471635,
            "centerX": 571.666435101298,
            "centerY": 390.46964731626423,
            "k1": -0.012323347146166098,
            "k2": 0.2380493188668742,
            "p1": 0.013368965698578669,
            "p2": -0.024880499480665952,
            "k3": -0.24749980536005237
        },
        {
            "name": "Arducam-UC762",
            "cameraPath": "/dev/v4l/by-id/usb-Arducam_Technology_Co.__Ltd._Arducam_OV9281_USB_Camera_UC762-video-index0",
            "position": [0.2445512, 0.0842264, 0.2952496],
            "rotation": [-50.5, -16.93, 0],
            "width": 1280,
            "height": 800,
            "fps": 100,
            "exposure": 10,
            "focalX": 896.4229265637798,
            "focalY": 894.7290571208786,
            "centerX": 632.1511776051311,
            "centerY": 409.51872727524545,
            "k1": 0.03504592225172843,
            "k2": -0.057976090918433074,
            "p1": 0.005955119626934279,
            "p2": -0.0031399446166415663,
            "k3": -0.07455148194441642
        },
        {
            "name": "Lifecam1",
            "cameraPath": "/dev/v4l/by-path/pci-0000:67:00.3-usb-0:1.3:1.0-video-index0",
            "position": [0, 0, 0.09],
            "rotation": [0, 0, 0],
            "width": 1280,
            "height": 800,
            "fps": 30,
            "exposure": 10,
            "focalX": 896.4229265637798,
            "focalY": 894.7290571208786,
            "centerX": 632.1511776051311,
            "centerY": 409.51872727524545,
            "k1": 0.03504592225172843,
            "k2": -0.057976090918433074,
            "p1": 0.005955119626934279,
            "p2": -0.0031399446166415663,
            "k3": -0.07455148194441642
        },
        {
            "name": "Lifecam",
            "cameraPath": "/dev/v4l/by-id/usb-Microsoft_Microsoft®_LifeCam_HD-3000-video-index0",
            "position": [0, 0, 0.09],
            "rotation": [0, 0, 0],
            "width": 1280,
            "height": 800,
            "fps": 30,
            "exposure": 10,
            "focalX": 896.4229265637798,
            "focalY": 894.7290571208786,
            "centerX": 632.1511776051311,
            "centerY": 409.51872727524545,
            "k1": 0.03504592225172843,
            "k2": -0.057976090918433074,
            "p1": 0.005955119626934279,
            "p2": -0.0031399446166415663,
            "k3": -0.07455148194441642
        },
        {
            "name": "Lifecam2",
            "cameraPath": "/dev/v4l/by-path/pci-0000:65:00.3-usb-0:2:1.0-video-index0",
            "position": [0, 0, -0.09],
            "rotation": [0, 180, 0],
            "width": 1280,
            "height": 800,
            "fps": 30,
            "exposure": 10,
            "focalX": 896.4229265637798,
            "focalY": 894.7290571208786,
            "centerX": 632.1511776051311,
            "centerY": 409.51872727524545,
            "k1": 0.03504592225172843,
            "k2": -0.057976090918433074,
            "p1": 0.005955119626934279,
            "p2": -0.0031399446166415663,
            "k3": -0.07455148194441642
        },
        {
            "name": "video0",
            "cameraPath": "/dev/video0",
            "position": [0, 0, 0],
            "rotation": [0, 0, 0],
            "width": 1280,
            "height": 800,
            "fps": 30,
            "exposure": 10,
            "focalX": 896.4229265637798,
            "focalY": 894.7290571208786,
            "centerX": 632.1511776051311,
            "centerY": 409.51872727524545,
            "k1": 0.03504592225172843,
            "k2": -0.057976090918433074,
            "p1": 0.005955119626934279,
            "p2": -0.0031399446166415663,
            "k3": -0.07455148194441642
        },
        {
            "name": "video0-front",
            "cameraPath": "/dev/video0",
            "position": [0, 0, 0.09],
            "rotation": [0, 0, 0],
            "width": 1280,
            "height": 800,
            "fps": 30,
            "exposure": 10,
            "focalX": 896.4229265637798,
            "focalY": 894.7290571208786,
            "centerX": 632.1511776051311,
            "centerY": 409.51872727524545,
            "k1": 0.03504592225172843,
            "k2": -0.057976090918433074,
            "p1": 0.005955119626934279,
            "p2": -0.0031399446166415663,
            "k3": -0.07455148194441642
        },
        {
            "name": "video2-back",
            "cameraPath": "/dev/video2",
            "position": [0, 0, -0.09],
            "rotation": [0, 180, 0],
            "width": 1280,
            "height": 800,
            "fps": 30,
            "exposure": 10,
            "focalX": 896.4229265637798,
            "focalY": 894.7290571208786,
            "centerX": 632.1511776051311,
            "centerY": 409.51872727524545,
            "k1": 0.03504592225172843,
            "k2": -0.057976090918433074,
            "p1": 0.005955119626934279,
            "p2": -0.0031399446166415663,